0x25609fADFDBeF39eADe51e5686B1C5BBCc390AF9,100
0xf853795F96328Cd9abEd360d702BA50EB133E20b,100
0xD959E38aD79193278074c769Eae94AC10A29d19f,100
0xa8648c60dbf76d3FFAc840b249aa68146061aBDc,100
0x7192FFA8e783404B8661e5e9396D43bc9f3fC2b8,100
0x5E4888f8b9dDAd4743B9dD7712500d9bB36E8f93,100
0xbeAEF1f08E24261c935F75b415A56239a5b1a95b,100
0xDbd6526a40eA7f475125eCD49AB0AFB32d2eFE03,100
0xaF88DF62709f2A9fEC0343009Be3e253e17CcFcb,100
0x7a47c1727247629096EbBd7D6384ebf569717530,100
0xD4080C27f1948c471f4E67bf8e7763270873eEAa,100
0xA1b03896a698E2b5255a21aE5c3F22c14901517C,100
0x9237b34a85aB33b5485ba760B496C53945114Ccd,100
0x96DeA9Ffeb2B5fd18B39CEE640D7A758F97E5e61,100
0xf9C68D2ba5946B433c6f7695B4B9308Aa103A32D,100
0xc904AfFD229e98732Aa3A466676E3728dc66eebf,100
0x64C8adbbE2aE94c57C9691c3C6546337940fE024,100
0x1e441630E7B5F87207FAf02d9102FFf55F50f275,100
0x76F9FEfc2dc1CD4a31f72ac4Ce52156667f785D0,100
0xD9590B05277e6E5DC812BcDd51aCdA439855907A,100
0x315d2B19A8FB488CF17F299D1498248941D7F2bd,100
0x78612B2EB3e2E3809D637bF5984D1a76DF782729,100
0x694FB06AD4D65986253B69362FCb46998b7d18C9,100
0xE22aB7904Cb9F1F62C4337F18AF206ce9F4D1785,100
0x3fCca901Be53a5a93513eD0Bca89d6184d3dbE42,100
0x3fCca901Be53a5a93513eD0Bca89d6184d3dbE42,100
0xe6facbCe248ce7892A3D4cD855608B68FfB04d6c,100
0x517D8a1E02D87985C81F32415092Ced656a3194f,100
0x1ef9Bebf8820a132Dc8ec311831b9ba985a9Aed1,100
0x6E435C103AC0D287E333Dd3d7f7de6C36c66D563,100
0x61E8B4B2dA05eAc067B7C7e0Aa5276FE807d81E3,100
0x8b0d2E512CE2d874f18d5A432dA81D941c764E0e,100
0x2e9A966d1aCda99c4ca339CB052B2D2A294f2808,100
0x128d4C68DffF8addBe9C768CeDaA74c0C21Ed7B9,100
0x41C414B723758e81a023dBafbf7772dbcDae8fc8,100
0xB6C5F15fd68c9eF5E9e3d0aB39081be32fD3376E,100
0xbf791a01b3E71840FEC8cfe6B52A1F9c3895a2de,100
0x6dA95CB7d4A4c29f1a837C5b3Fa5981CD0B653A3,100
0x58d0F60f65Ec333B12475b813D4dAe603c64aF02,100
0x4486abd71f5BeB1005E2c9791480Ee087DbEBCFB,100
0x3591F4F66B8b3BCE767181f19ba6DA9D9d1d8ca3,100
0xa1FA036D19fe396BAFa799a456b8533cF62120aF,100
0x4D9b9852aC93ED9c4b6c2312a2665bdb22F7845b,100
0x58384310Ff5AFf04e1F9bf06387121f24531991c,100
0x5d890cF1066bC6649AbAFb8E538b87Ac54d88996,100
0xd957b0Cfab5657dD4C01532c9862Be052Ffa5C25,100
0x394085FDaef0a7B25d6d79c62caD3F4eeAbCf4D4,100
0x85a960028e32106b10e9E16a6e2cfCF66886cA15,100
0x4eeC1b236693E38716639009828563fEA11cb291,100
0x77927080A9e311143Eb5733355c9fa7754c547eC,100
0xC7c91e6FBA1f682333b42aBbb296d3FfBA540bDc,100
0xC413e80bF1f6B548a44402F14e412a774282c225,100
0x1493572bd9fa9f75b0b81d6cdd583ad87d6b358f,100
0xf7f240405d91588fb703D0fb15163636a200FCA0,100
0xAd67231492c1B309F0dA54722a8bec5513Cb9bb8,100
0xffEe0895786b4461C3128e787a2E7B473cfF9D32,100
0xAd36385E7C61c9592980CB9Ef095F1E02EE130F7,100
0x3a05b2048F7C67B8e017cE656C33beeAb9D724Da,100
0xA740faD4Dc774B341497fcaaEc8BcE7429a0b130,100
0xd3A311a9e963D2a3e127d57FbFB95b6A0c559279,100
0x8322dA71879DD76bc5ce3c89Bc9a7fD6C92f0E50,100
0x1a7e9DDcDBB77427308C9a15842a54Bc93B9577e,100
0xB472a230E34C91c6A48C9F107f5b387ccaa5cFfd,100
0x97fCe0510c5b52D1D1FfE139F99Cbd9370d40CBB,100
0x3A4C0E4481d604F278Bd86809E0967a31084CC14,100
0xF95ec9AD22e7DAb0AeBf28C93Dd13065a924D65c,100
0x63693A8544523d23aE490d88e88baA404C867574,100
0x5E4A7E014cd5E3C6067e8b84576D50C4ED5FA096,100
0x7A47cC40Da9f6eF886B4B8A8a52710D04C718211,100
0xE24cC2f58cee92ecC805ae0f7610e339c38198Ec,100
0x0dbACFBbb19cB65208BA885dff8a3F8cd8c8484F,100
0x6b13FD18FEEF65C43F06271D49D1Ee823DE53aa9,100
0xF49D13C067e672f8eAf97DD68e210D58f32572ED,100
0xfE82881F82803f97b969De64a137dB57c5BCb0bB,100
0x0F6a82C7B50FE0d7fF833e9dcAc89d96dcA5f27F,100
0x88D52ef78087CcaF8413cb14d16AaACdc7D024e3,100
0x219d1Df195C20545d3af88256c2CA4aAe8A940D3,100
0x3CF974B7c14308d5B63641f65d8995ffa8840529,100
0x38A46C4e76c3bbEB18e893Ecd6c7946842DC7954,100
0xd48386e7512dc6568CE7ED44286615d84b3720F5,100
0xFf33517c9C5Cd3F6050372671d62e2ca0d4319fc,100
0x97dF0dbAA3137E99b4C1E1FCbB9ed29d10E0ad5F,100
0xdbEFFCf7DfD0E8Fe96C4E0b9dCF20739389f8638,100
0xf045a499f8fbC384eB372872EB405596e429D299,100
0xde10A5F174b5FD94B0E75C52702E2848eE7e2e39,100
0xf5Be52085579503E48Ff080B040424482f6179fb,100
0xF561227Ec3DAaD88346680331a657983f4aFc38a,100
0xB5e1946dAE21DC786d1f5cbD734A94D7874d5850,100
0xb88d5f2e3E0fC93e45be28e067348B9044C6e8A2,100
0xf84Aa661333feE33bD986378ba38b6a2Cd20Ae4d,100
0x7d4053510C0E2cE0f127cf890FdB84F1A36cDC6D,100
0x0998160bdF3Ff6D86A4E9D5c31e0eFC3Ca7e7D01,100
0x569541E7D1cf0131D3f5F98a3757f4F9964A82D1,100
0x93c9Ea8B948E66e2A8DB31d0C0D9E18d347e43d3,100
0x5C8596B13212Da80E4B59f012BED8bF1d4098217,100
0x113406A66A9C41B9899f9BF08C39931cD7437aC3,100
0x7B7709B1C8dE9d15C7b6FDb7a512746f244B5722,100
0x60832da34580196e09dD44B9581bf52C279d0D6c,100
0x5D14E84B734c6da28709Bd7d8b0D4203b6eDE2C9,100
0x5f90Ebc41C07089502a32d683480eA3FE2410D34,100
0x5ba9234C178AaBcFE2296092c1Fcc815f722F6Da,100
0x5200544752Cf5CbF125C2E2BEcB1686f97c20C4D,100
0xc307D80e0F354B04e7354407BD2D87F23Bc3C0cf,100
0xC6331425121F00D39e980D25E9Eb0B687Ef4825C,100
0x22626AD06127744167700Aaf52e07e8459702939,100
0xcf56aA70126769BA9eC66Bc1c3ff5B29b02668DC,100
0x1dF81Fb65807F7dc497E974a49bFB6D71016E523,100
0xEF5d7129BD4F74BbD44d0f1A0645E0dcC84d4311,100
0x24A12e2B38B4f48F56848c5d015ea389DdBf6d38,100
0x78cE72598A88bCC2812635CEDC2B8a473757Af5F,100
0x1243bba5dd6e247f0c0194cc9d740154f10f5124,100
0xFF8d292Ad24C17297fc98AA790987f17939bbf07,100
0xddE7f4118E4CFD48A459dbbFb565B14e614099AF,100
0x5D9531fB853E28eF034Af3D2Ce01e14011a73129,100
0x6ad406102a32671d96dd8ae6585526b97df5cb90,100
0xC72B0DD08259DA38f708d4EdEDCB26C300a7A0AE,100
0x3DA9B2CeBA9692127EFe35A449aa08F5262Fd078,100
0xcb70a19617ea139b4441f90b740bc9a3e1e079f3,100
0x9b07F9037d3D67c3344Df6A1d55B75c11dF9d683,100
0x3CC29F2b324B4F72b60585EFc44cA99354DDAa62,100
0xF866f4AB6A4293e92Ab84f295fC4BF3008923211,100
0x3F3440A7ac383C0cbFa088A2A7D2D945f8331De1,100
0x605ad65270f99984d1d7fd9f5dCD5c069972Ec6B,100
0xD8de315eB7A00f4155d1Ea9eb4eb6888Ae715631,100
0x50B7A2106585F24206CAE7387B1C5C9A1fcdf0Fd,100
0xC22F6baC615520E24Dbc0A7b4cEF90549daFf489,100
0x97e7eeA7948f0F52657F7515Fcb0D09399cfe86c,100
0x7A02CDA762A6143776C618faf0d2cca52E1a1CA8,100
0x41563214da234A47B6B4F8af61df7c29728b9667,100
0x8131BEcB789fec01Ab7079789bF4567d3bB93105,100
0xC344ed0081Ef485Bb9D403C93C6251f36a87F3d3,100
0xB13997ae56203a53dE6136908bE33496add7FDC3,100
0x772818D115D52e309ac3d90453dEBcF660f58E37,100
0x075c28D99affc5D56F6E60916299c493BafBA973,100
0x2D4642a735A6C647Ec577ea7eB9C66c4674fA4e6,100
0x311f9ff9694E9b2f891F62BCA22e0F1E5F9b1CB6,100
0x9E079ba8BB4234fd3b961Ac3a95cc912afEB1FDB,100
0x5b899A2fF6f00530AD3642ca9DfC2616E7d8404a,100
0x47983e7b16dd2a4B71Ee19eb03a50dB55220913c,100
0xc23009ddBa4Ac18991773c40dBbB87C6B8dd7eA9,100
0x35F359A493A4395146A3b4313383087Dd2bd181F,100
0xC192eE3CdE1c0A306034BC2837e34d4cdbAAF57d,100
0xC05425D552875ab18c0535429631D6030C3E578a,100
0x9C538cfe1E2a1cdc67B57f1CF37206aEd29f0935,100
0x6615004A73d888e391Eda81bAC4988Cb1A2F5e64,100
0xaccB782D58b7E777Fca2C4245c10a2a65522854d,100
0xBc1bd6ccD04369F2C1FB5c82f56e1725C2A52547,100
0x1b314BDC28F1E2D7c45B9bB612e52af0A5a799Ab,100
0x65744259BaE032650adaa8A6dFdb3c5137171590,100
0xb60691cD7FE2AAEbAc98B2bAb3a3C0665d14918a,100
0xb9916169474f1CeD3FDCee324fd70c1ec38834ba,100
0x1d73f009c7CCd8C77eF10D2eb0A8cE22E297b3B7,100
0xeA086e2f19A21339838BC515aF7aAfDD34C64B07,100
0x584d2D82338B82CA29C103e9107fE568Aa8545a8,100
0xbe2d5a305D70A51CaC6fE617Bf7E9FeAfEB42A48,100
0x9E5356810CbDAbE276207F1392e5cA6851b17183,100
0x61E8B4B2dA05eAc067B7C7e0Aa5276FE807d81E3,100
0x8b0d2E512CE2d874f18d5A432dA81D941c764E0e,100
0x2e9A966d1aCda99c4ca339CB052B2D2A294f2808,100
0x128d4C68DffF8addBe9C768CeDaA74c0C21Ed7B9,100
0x41C414B723758e81a023dBafbf7772dbcDae8fc8,100
0xB6C5F15fd68c9eF5E9e3d0aB39081be32fD3376E,100
0xbf791a01b3E71840FEC8cfe6B52A1F9c3895a2de,100
0x6dA95CB7d4A4c29f1a837C5b3Fa5981CD0B653A3,100
0x58d0F60f65Ec333B12475b813D4dAe603c64aF02,100
0x4486abd71f5BeB1005E2c9791480Ee087DbEBCFB,100
0x3591F4F66B8b3BCE767181f19ba6DA9D9d1d8ca3,100
0xa1FA036D19fe396BAFa799a456b8533cF62120aF,100
0x4D9b9852aC93ED9c4b6c2312a2665bdb22F7845b,100
0x58384310Ff5AFf04e1F9bf06387121f24531991c,100
0x5d890cF1066bC6649AbAFb8E538b87Ac54d88996,100
0xd957b0Cfab5657dD4C01532c9862Be052Ffa5C25,100
0x394085FDaef0a7B25d6d79c62caD3F4eeAbCf4D4,100
0x85a960028e32106b10e9E16a6e2cfCF66886cA15,100
0x4eeC1b236693E38716639009828563fEA11cb291,100
0x77927080A9e311143Eb5733355c9fa7754c547eC,100
0xC7c91e6FBA1f682333b42aBbb296d3FfBA540bDc,100
0xC7c91e6FBA1f682333b42aBbb296d3FfBA540bDc,100
0xC413e80bF1f6B548a44402F14e412a774282c225,100
0x1493572bd9fa9f75b0b81d6cdd583ad87d6b358f,100
0xf7f240405d91588fb703D0fb15163636a200FCA0,100
0xAd67231492c1B309F0dA54722a8bec5513Cb9bb8,100
0xffEe0895786b4461C3128e787a2E7B473cfF9D32,100
0xAd36385E7C61c9592980CB9Ef095F1E02EE130F7,100
0x3a05b2048F7C67B8e017cE656C33beeAb9D724Da,100
0xA740faD4Dc774B341497fcaaEc8BcE7429a0b130,100
0xd3A311a9e963D2a3e127d57FbFB95b6A0c559279,100
0x8322dA71879DD76bc5ce3c89Bc9a7fD6C92f0E50,100
0xc2B2F4d85c21E3029055fE9D080697091ac71F4e,100
0x4D06843659c06f5a69cC44f4a4bD1c8454814849,100
0x15534128E89e302288E2bc97495b83795C0d2F6b,100
0x3C35eFc7f1A55e74a97eC4E3355C757e5df8b497,100
0xb694E016a1AD4e24bFF1e9b3b7cfF2344F17079F,100
0xE1f1451164aE995bE17FF28fD8B77AAC5fe3daFA,100
0xBBFe0cb207122585289ca652FE91369a58a2e8ad,100
0x7069C4d0cFc25788b96213B8E73Ee0B2a62049C9,100
0x6D89E3A7c1F380A4D5F9549648d27003834a14dA,100
0x2b5b0939db945fc3a9Fd08b5DC903F4B65B0444E,100
0xE41Cc67B245AE17a4bc9DEcFB45569712d7CbAD1,100
0x219fFA5028f23Df97E59D41B87cf5F4Df9bD1bbe,100
0x722b86ddDbfEb4e4d7De2fA43741e59440968F44,100
0x1F2beAF8439039dCEc062Fbe056458D34f529F9E,100
0xBcD8671f0799646573f73E9AaFB875219a8721a5,100
0xFcB1aAd990D5141D9B5717B51ce4347b6c7e7cAf,100
0xA863541ECC4db635b67b5d1B10F4965fD289fc43,100
0xa3d4655697Abaef82897B351EDdCA1508Ce8bd2c,100
0x1Ee39e3C385239D92a1f2F5fc83715319DdFd8c3,100
0xd445A83Fd822a711Ebd01833C2e2cE18d1273091,100
0x144691a3C642EbD38fa2c4F89fC320242B5476c8,100
0xC1cD38FDfCB72462337f4924707c30285678193a,100
0xbC6C047299F5C209279302607d45a2BE8AF9935b,100
0xFd2Bf9284Cf3C2Bf30CA4839e044085245F08A15,100
0xFe095E90c3993a0b6C443c4c75e35593aBa30f58,100
0x33C146A3a21c2E418978fd7890334C93331A96a2,100
0x32B2928b8d24f5e5eec982B3b1BaB346AfEd31d4,100
0xDaa772D09930E22e74e9672906ee7F8E461146bF,100
0xD17f101D8f29Fff010f05E6E49f2c70a62F0e9CE,100
0xFE9c0984ef22Fa947D14b69b1c3eb7f00d42F478,100
0x13274B8097e32ce9d372DFd1bAAAAb8A55cA1EF9,100
0x43025F9dE8C3abB242DAFDb7FA83A2D06714B6D1,100
0x70e7EA2E4CEABEB28F1dC7a0049fE6bc5Af2F707,100
0xD971Ff2F067B1f73a70a7372bF8055a4e578BC83,100
0x76e48891771140B3466a1d214d6CbBe6c26920F0,100
0xffe08A4fc5F711383c6d3C92363D71ccec27acDc,100
0x34347a083373348CD5E14CA0bD3A00fb7b59f376,100
0x73DFBC6a947cb1Ff2F4c3155574F963686299dAf,100
0x533383EE4B9cd101Ab930cD4090f8Ac73Ad81Cee,100
0x67161B375295c575044AEaCb6De09E03932DAafa,100
0x0db367e347Ba006B1bD03936b1aF74a04D069389,100
0x72916B5D6B3B91398fE9b098eE5ECa4f32Eb5794,100
0x13D2Cd16A70e4d1EcE41BB64E5238CE1e6D83509,100
0x57d839040ba038230583eC455A03bBb041eeE90b,100
0x56ad217F18bB0884B8acA68C084e246Ce98074AE,100
0x20ab374Cf846bfaA64e5f37F85675bfB0C86a8FA,100
0x1Ee39e3C385239D92a1f2F5fc83715319DdFd8c3,100
0xD674079138E7647D4746315D94a747fd5C365A4B,100
0xD8e3e3eC5643e451a4A1Ca57704DFA6353898eBc,100
0x5FA057d32bB64dc02e650139e4eD27F23F929349,100
0xe7539059E743aAE973AE89da26e4496B36cb79e3,100
0x186AB8b243fFAFf53A8b8D73E97E9A1c143e4E59,100
0x1F6AB0f279477B0c23CCc824dcB126143Ab6Bd0E,100
0x801E1e0e337d08E9567435Cd21839ccF77D86057,100
0x7C79f05D4acFbd88f3B2aF842bec016033e7A669,100
0xD8e3e3eC5643e451a4A1Ca57704DFA6353898eBc,100
0x5FA057d32bB64dc02e650139e4eD27F23F929349,100
0xba5a32e581f4441aeaCFda7A6d6010E694Fb8fdf,100
0x29edE3E88A8a6C2277049C06887C9C9288a12124,100
0xA30326eee6cC00cFe5c3239353A3Da6aF6fDb88a,100
0x889cb44823b35Fc53dfC3a8b58a825Beb6A737B5,100
0xbD44406696a562a6ce005bb8d669A300fbE16a2A,100
0x14ff7a3E04aB2656D38DFDaE60277fB97E9C3fB1,100
0xE3cAf643993e561B66f449eb6D596165B2A8EC5A,100
0x60c9d84B41a52e14bd3F6846f8a22Ef860f0b7d3,100
0xA1b03896a698E2b5255a21aE5c3F22c14901517C,100
0xBBF72363CaD89FD718d71F99DA05ad378403a147,100
0x9237b34a85aB33b5485ba760B496C53945114Ccd,100
0xe8a2825F466f6A2AF8F805b848893bf83e730045,100
0x96DeA9Ffeb2B5fd18B39CEE640D7A758F97E5e61,100
0x64C8adbbE2aE94c57C9691c3C6546337940fE024,100
0x2FDefBDfE54A089B1bE25702d7788E50495292e8,100
0xf9C68D2ba5946B433c6f7695B4B9308Aa103A32D,100
0x88f90eF1814d5b9A049173B97adfB3f5770ca628,100
0xbc8Aa30EF6f9a0f196B5b1B49EADb35d1D150a2a,100
0x7192FFA8e783404B8661e5e9396D43bc9f3fC2b8,100
0x5E4888f8b9dDAd4743B9dD7712500d9bB36E8f93,100
0xbeAEF1f08E24261c935F75b415A56239a5b1a95b,100
0xDbd6526a40eA7f475125eCD49AB0AFB32d2eFE03,100
0xd653Bee3C701A577AAe9A632a6094624BA8981b1,100
0x01Ace97EbD93fc5AfC048D2aA24Fa4fDA1a33ba1,100
0xC92ea2B44cA68C543EfA38164bbf9c973413Fd52,100
0xB3440EDC1ce7EEFc61b0b923B591a2C884078E87,100
0x933B67BD934c8d98f739362C70c30C498D86e424,100
0xe3cA7B985953e80e42E28452BE29A6f0273763a8,100
0x2f190D1a3f798A800308e6461D0877DC40c4CFA8,100
0x23D8E1749a84B67AC0D8E65E6fd42FF13047A68b,100
0xe93381fb4c4f14bda253907b18fad305d799241a,100
0xbe0eb53f46cd790cd13851d5eff43d12404d33e8,100
0xf977814e90da44bfa03b6295a0616a897441acec,100
0x3f5ce5fbfe3e9af3971dd833d26ba9b5c936f0be,100
0x6cc5f688a315f3dc28a7781717a9a798a59fda7b,100
0x47ac0fb4f2d84898e4d9e7b4dab3c24507a6d503,100
0x9cbadd5ce7e14742f70414a6dcbd4e7bb8712719,100
0x0681d8db095565fe8a346fa0277bffde9c0edbbf,100
0x451032c55f813338b6e73c1c4b24217614165454,100
0xd551234ae421e3bcba99a0da6d736074f22192ff,100
0x708396f17127c42383e3b9014072679b2f60b82f,100
0x564286362092d8e7936f0549571a803b203aaced,100
0x85b931a32a0725be14285b66f1a22178c672d69b,100
0xb81d3cb2708530ea990a287142b82d058725c092,100
0xd17d4e3b6580c9869b090a295ee21fe2a23b80e4,100
0xeed86b90448c371eab47b7f16e294297c27e4f51,100
0x3c02290922a3618a4646e3bbca65853ea45fe7c6,100
0x157181b3e342a32df17eaf98e7fdb7de3f762bcc,100
0x0aca6913289d7887983f26d4cbf7acf4b104d03f,100
0xc80dbede0e3cabc52c5a4a3bc9611913e49b8dcc,100
0x0d0707963952f2fba59dd06f2b425ace40b492fe,100
0xb6c7bf515828c1ebf0d5f34930cda0741ed9263f,100
0x2faf487a4414fe77e2327f0bf4ae2a264a776ad2,100
0xaffcd3d45cef58b1dfa773463824c6f6bb0dc13a,100
0x825e92422c8f42a7c8e7273ab8503b8ebd615c8e,100
0xe5782724e87bcd5a1f48737ff6cfeaf875ab5873,100
0x1671a3e4a2519a653e66e827ef6eae690ee86729,100
0x8ef58bd989bb545445b6d69c02404c75776338e1,100
0xc3b4b710dd1205526c0b38a7d8d3ba125e4f2959,100
0xea2f3b9c4b7667de30ceffdd9bab27e9fb635dec,100
0xc97a4ed29f03fd549c4ae79086673523122d2bc5,100
0xa910f92acdaf488fa6ef02174fb86208ad7722ba,100
0x8973be4402bf0a39448f419c2d64bd3591dd2299,100
0x4630914247bfabf1159cfeae827c9597743661bd,100
0x1c4b70a3968436b9a0a9cf5205c787eb81bb558c,100
0xb2cfdc1d0152e8c660aa57cbd323a8ac624f32c5,100
0x187e3534f461d7c59a7d6899a983a5305b48f93f,100
0xcf58ee734cf521076258b180791336ce3b2faab3,100
0x6d5db4c181d9f271aa06b9669b0a333706e3669c,100
0xf1750b770485a5d0589a6ba1270d9fc354884d45,100
0xc9f5296eb3ac266c94568d790b6e91eba7d76a11,100
0xd41cc752b397faaac15e0279351e9f05ab8dea6e,100
0xa1d0e215a23d7030842fc67ce582a6afa3ccab83,100
0x8b524c82750998617f950c85f132f39add57acff,100
0xbd7cc841e4ef36f83f23c9087d57c7b50b71aef6,100
0xb9fdfdecca1863988b99445534dfef43eeee95ad,100
0xd7b2879c8922cd704e41e8cc1f18f6994d6b7c36,100
0x9cd65466d75ca7d9225758c0c76c5cbf4a4c59ff,100
0x044a191ecf9862aed8a3c7a8cf1e7ed45bcae3f5,100
0x0c18cc3a37e6969df5cce67d1579d645115b4861,100
0x17438fb8f92795fa2d3b0cb4ea8782144062113a,100
0xd7efcbb86efdd9e8de014dafa5944aae36e817e4,100
0xb9ee1e551f538a464e8f8c41e9904498505b49b0,100
0x41a6d452c4c5730d93784f54e8d68bf1e9956965,100
0x3d367c9529f260b0661e1c1e91167c9319ee96ca,100
0xf469edf62477a96e2f34f1073368c1438af3eba8,100
0xc33dff9e7b0982dea5089679029eeddf08325436,100
0x1c72ddc7235df1f43c1efa1ff15de69217267034,100
0x864fcc126a2fd53b22fd1d9a8b4526c644fab4f7,100
0xc7807e24338b41a34d849492920f2b9d0e4de2cd,100
0xd6c41de32f132cc4dd8bc2cca582fe3c9d5163f9,100
0xe3e1fc418f8ed695a73e1b070dfe08c8758c436d,100
0xdff92a1d3c7832cbcc762ee5f326679dd801648e,100
0x818b2dd5c9d9a0a241977bf084d20e74e9030c60,100
0x8e04af7f7c76daa9ab429b1340e0327b5b835748,100
0xc4580642ef225a5259ccd497d6bc656f4d61e131,100
0xff3fc772434505abff38eecde3c689d4b0254528,100
0x812f1276f363f88a57c6ff010ed83e88e2b527cc,100
0xad9e152e7a61178ca406eba8c3157986af16938b,100
0xd1baccf90a1f041a9157d79ea1a6f48510759bbb,100
0xaced47620aa0cc0733c78d5e825bbc40b92a3578,100
0x6cc8dcbca746a6e4fdefb98e1d0df903b107fd21,100
0x4e81626eb309b9690a4a3a4592b5f29aaac0f183,100
0x15f6f50aee7631a9dbeff3a3b1cd50205c27b936,100
0x274f3c32c90517975e29dfc209a23f315c1e5fc7,100
0x9560c2b4d6f27310803e91e4ae17f2f3fee6ec24,100
0x0022f267eb8a8463c241e3bd23184e0c7dc783f3,100
0x4c450bee4a2dc25b5b404d86a53cfecf14b51af1,100
0x5764654600834d116bb20e8f542207c4c71f3f3c,100
0x9ce7456ec06b1457c91bd4619a08dbe8adc926fd,100
0xf5a232b1325769e09b303d7292589a2c7aee2aa4,100
0x4ffc92ddd9439c93fc79dd5560e06026a445037d,100
0xe962da5a5704cba4f0529c0ce98a27b4dd291bee,100
0x2972c927d6e1dcc415be1342d5fba195a89a9d93,100
0x930e12aee48d2533d3a9a00edda17f0c7b5b7d4c,100
0xd334c726c196b2117795a0e23204a3865a80c624,100
0x25f3c39461961c7370abd41ebbf482ce5aa0e765,100
0x48e59bfa643b205326ebf7d27658637c557d8379,100
0x2df7f80a751a504ce4e3fc61b60e85a6d825e2dc,100
0x1098a2d8a3c4f0bf373e021773bc3c9c651cffc4,100
0xc4921ff3d14255cc81e85da94151766bf5935551,100
0x44c9f667ff4e568e46c008960708004add36bf34,100
0x6a8c7b305c08e314f7887cc6e3663881455b9cc4,100
0x9ba3560231e3e0ad7dde23106f5b98c72e30b468,100
0x8d4dcc58d488dcf819de0241c805433bb6419b34,100
0x3313f444fd8ea2cf498b63d7cae65217ac399024,100
0x8bb7b334fa20137fb451c9973d15a6d07ee1153a,100
0x8506ab93c8fe6b3f938bfb2055154116d2912991,100
0x004d8f6e8f7b62adec50465bfea39ebcb418a353,100
0x1ba8d9a55109b3b9dad667a0e2324a4b51774c0e,100
0x7f30ecfce60b77c2456ac29e67545ce1d5c2aeb5,100
0x4d246be90c2f36730bb853ad41d0a189061192d3,100
0xc55849a1f9857473b307c44927b9eb8a6c538dca,100
0xcdef4f34e5ceb46c7c55134cda34273349be65b7,100
0x1111171bfd95b75cfc26455e7f3c1cbe68f8bb7d,100
0x00a183fdbebce39cc1065b14b1015cea3b40b651,100
0x924cd9b60f4173dcdd5254ddd38c4f9cab68fe6b,100
0x52bde8a008a3a6e50da7107c0d1783e0e64c01bb,100
0xb942186257fc226542ae481adc5eed76b2273c37,100
0x37c93a328de2950e8f433854754912a1d2cc8679,100
0xca23a26b289ec053a3aa198f7cfb2ce4efe9859c,100
0x3c5883c650d600bd543a9b5c8d9a3a6f5d16b8f4,100
0x016078a5e18d9a2a4698e8623744556f09a9ca15,100
0x489c637ddf8ef6d9d36f776c58b898a180f08a43,100
0x5b4791a45f926eb58da7e097635184dd11321951,100
0x8ae9d81ef16bbf5b42f674d765f2d185c3eccb27,100
0x98d0b17bdfdc5e1eda1926b8e24fecd7e5ebde24,100
0x1948c25458cc3d57f8ce67bd2b5f84d743025ea8,100
0xe07b6da4c7e4ef293980cca8a3fbb9a167021af8,100
0x8f7e763680a5315f19116ed8c24d67936a99c48c,100
0xeca023e03127205dca2f196b8b32bdd748203587,100
0x000000004fa9e635dbe91c83aee357d01494936d,100
0x95e525f434315eab8268fdc0cfd0555eb87a48cc,100
0x24302ec74f2bd09a196bf0b997066abfb4b9c161,100
0xac9668f84bb9c81ccdc1af0b69dc2ccc42db2008,100
0x9b6c54a1760f6606e2cab8ef9a516dce99d86969,100
0xc193ae16165bc02a79e7a374ce604e08ac5b59cd,100
0x3591196a9f98d25231d19898638d322ff4c5fda7,100
0x0231b1b3fac5958c3d6b116676d2a5f9a7fd2459,100
0x58913305599a6b909a7ca3e58c63987236c58702,100
0x868a80dd991a0dc4bb377531ef8882959fd48571,100
0xc2bf20cdcffe1ce01695bfe4974dd168fb1e7e20,100
0xbd129c9cc0532e65df8de82f186aef640f1344c2,100
0x9e9ad816a2eb29a9df82d0d946998049a45c5b0e,100
0xa93f885ab244d8bbdb65e8a63540750eaabbf0a8,100
0x2b6dea17f10bcfcfe07fc071c599fb13110966a9,100
0xa15c679aca3f94a7392667824d2583e2c1930b4c,100
0x93f8a603f0191838fa992f63cbe488171a857842,100
0x549054fcc26593813d4f3d615d8d210cddee1a27,100
0x10283a37f043228986f49f45e0825403ccf244b5,100
0xf894dc9fd6d6a2be7c4f9cfe2bd4699df45a6ef1,100
0x8d3cd7e3d77e626f284343ed7eef6596ae9a6962,100
0xa7b052d3f35758bc33de4a5f6aab211befff9ff2,100
0xd63ff596fd2790d19a609cb15e17cfcd78bb540a,100
0xffdf46020ad20ae56769b9fc3ba4dd0e5ac75688,100
0x44ae1d9d46b15663a684d8cf9f37a70e057e7cee,100
0xe7da19d08df73c9371080a14b8e6fdca9243e16e,100
0x1d73faceaed00489b29ef1f5abb123769bfc1121,100
0x3f30306dedf6f820fb95b19c2c9dcea35c1215d7,100
0x618ffd1cdabee36ce5992a857cc7463f21272bd7,100
0x02ab5cc9b02093cecf0e3e364e093f9db922a028,100
0x33a075d81265dcf521a5fafcc7d7efe4bbe9d8ab,100
0x1e8d8d2aa301169250538659142df6de1cedf244,100
0x8a8623795270dc776c3b35e831118a4e3b75e474,100
0x20f3b73d8521dcf7b60c7951ea407cb04d29f044,100
0xd17a4a2a34c83a808aefaee1839194dd26b868c5,100
0xff7b3d9bb915585419b951c480d27e4f2281e213,100
0xb27334f24f94ff7bcedfd90e6bd14ba95b71f4e4,100
0xc16ea3d7bb99fedb154686f676104b6563a0d82e,100
0x1462f0c35a3e48027ad72bef4e3925aa4fb4a14d,100
0xb893aca91e7bd45630dce7c19f029e0014563dd4,100
0x4e002c71baa758e11d99bcb6d6bc0911f9ff2f70,100
0xb713fc9f0495ccba9bcd09d4c95a69d461bf562c,100
0x49f9e6974d3882f70304a9a832abda2a1f3b1798,100
0x09558bfc6cfc58138a9e2e613c510ca3ffee5212,100
0x7f5d811bf5ef0175818e3a36c426481f82dc3812,100
0x5be75b5151eab9d96451412e4c549e353cc7f3bf,100
0x80bff7899603e3866231db46c78858a3ded3954b,100
0x98da8d24190a95aef231e60252d304696478e30a,100
0xce53ee1466fbfffd099fcb45cfce671b284068d2,100
0xb4e597e34e3ec254e9e4795ecf1a31b9fa1e40f4,100
0x0883b18403dd527c108fc78e9755f378c648cc8a,100
0x75345bb4f31b470c7fc6bc20a45297ac15c7efa5,100
0xf5ac187da273c2c645a2e8327c9c3d2bb51f7a88,100
0x3350be8ada341562639f4b4dc5bdba58f1509e45,100
0xf5f4a93e52f96337cfc6d5fe2c5f3e1958c18716,100
0xb7be622643c99f830f759a0f20cb925fb92be19f,100
0x7428a136a88711b076da35b6fc2991d82959ed5e,100
0xdbd441c1b427fa86a97288a27c72fd49e930b10f,100
0x59674bc070df7786a083ae4d96bec586db624060,100
0xecec394df1b282871667baf1c1b15adce468f8dd,100
0xd8d1cdccb8ce35ac7a042369a9384f4c3f3a7e6f,100
0xb340e9f5ad647df5250f4f834fecfe4013b3f62d,100
0x41b8644d8c77a1fa258ec647595e69feb1caa029,100
0xd8a05f4aa1cb44b4a0566d8227481a4f239cc83e,100
0x44bfd564126b69490184dfe7b8c438d4ae0f6032,100
0xc42990858679ba9fd02bf270e4672f4bae15c2fe,100
0x84b15d3785dc8efe883f60344903ffeb17ff1a0f,100
0x71b2c11d9666829fb5808e614632d9818a1c1f68,100
0x8ddabf282c1dc8ee181c7df016f46f5bd3c01829,100
0x51997096b6f3bf41ca7de453fa5dc5ed8de938ed,100
0x830cda031dc764f0176034c59f7a10f6ceb5d10a,100
0x739e8a9f6ef1d15075654ca4d910ee81cf7200b3,100
0x85a40a0ac7d5ffd9b911640dc8cffac9b91708ab,100
0x6fc1b3e4aeb54772d0cb96f5acb4c60e70c29ab9,100
0x213ec213add6794d00b5b9f60a5dfe934326f6c9,100
0x89e95e78c69e0f2905b993661f203a138fb8c613,100
0x2424caf4ca733b2cf52a0e5d1bbd76d4cb681cd1,100
0x54e7790ceb4b74c99ca995f19dcd11b4fd43e214,100
0x4f705e431fef33925fe0bd47c00b3fbf1141b239,100
0x521d9a44dabb9e5e4620d30be9e67cd19d28949d,100
0x9087acdde72df0ad17db3f174955163285980924,100
0x464187725a34aff35195277c06bc9db739da80ae,100
0x4dd91f366e1ffc6bfc88a9d2af682093c9e24b0f,100
0x8666b2b7989c5ce6b8692065bd9620fed8eb6200,100
0x6808c8f473363d085d8d8ece4b53966cad81ee4a,100
0x6da608d695cf4a8ff0c0d1643a994f8bf45bd7c1,100
0x1cefc54c58e0969115c315a814abca60333ef937,100
0x5c92eb384cea8be43c1ee6b757ec28641f94bd3b,100
0x3b33b78c43cd7a2ffe6f86dfd5c9b3adf3d49a5b,100
0xf81bb37ba2107c58bba93153731fdd1596ea002f,100
0xa493a26cbe76b0bd2e097e6e275241b2b80ca865,100
0x5fb90a96c7fb2c8dca757cdd1f96a708f1467e4e,100
0xf5156ebfcc3f395fc4c9653f5a23fb2fb9c196da,100
0x3add6037710e154f81c065f31c291261ae95e290,100
0xbe2b837e0b73df6cb41020e8770ea4ad2478d434,100
0x5f211eac12135d37e0e8f185c7bfee6e02ff65ed,100
0xcaceb3ba627ca6932596ab9b6ae3676b77b7e8c3,100
0x9e05b3ed3ebed0e2d816e029ac00b16d6cf9d799,100
0x2ceae6e8cf502f20b6b26ce5148edf623dffb0cc,100
0x287cc8af0418bedeb03f90c9107bd20919a2169c,100
0xdaa360fa21a49b8f81faf9fb0255ba426d9befe9,100
0x9623bb1feb79c87d629a9ce35023c72753bd44c5,100
0x9fb778ce6d3f691275282a7e0e34a50b8992e0c7,100
0x206f23c921cefb4a845e0ca940f69a3ac6249bd2,100
0xd95d4ca3d13747f6d8974ab3d68e606be25aeed4,100
0xa877eb24626654df4fc9ec23da4de58d9e30c37a,100
0xe1f4661a22247009a10ab48eee4d26538a628c18,100
0xf8ac1ed8f700c73d78a91b9140ece66916fcdf07,100
0xeb467f466ac8cb6cc4e5e3d094ce7deec90c7971,100
0xf24ea6adb290e4a3f5d0c5da53d328e78dff2789,100
0x8a87378502745451f1d35497a39110d9e040e885,100
0xb876c875b463683b47fb3dbe938399950d7d8e75,100
0x0210798166bc4934ffba40837cad2ff589056ffe,100
0xdb51fd76183143d578cebb42c2a7190dedf4d2f9,100
0x801ab8074d2031592137002c1a96edbc1f4c5eb4,100
0x6b69417c8327407f97e3616619f1826540c1c7d0,100
0xffdb56c98ff1ecfc0afe2df655a02967b2510f9c,100
0xdff3cadaf90e69abb591716e9f696a54971fcfdb,100
0xf830d259d1fabdab72a7a155a5bf681cfbe394ba,100
0xa1c1a48ab0d3e1dd09a7259843b97f4964bfcb65,100
0x1b879440e7c686360dcbe4c8416f2722b7e5ca7f,100
0xb809027b0463dec2839f4d195f933df7f9bca735,100
0xadac8078fce559d8bbc12042c2bf493af0d75785,100
0x6b57ad1e57e881236900a1e8efca04b74124a6d7,100
0x5c916662347ccd0a9e2805720df38b4f38f7f763,100
0x4a96b3c9997e06ed17ce4948586f87d7d14d8d7e,100
0xd3916cb8ecae6b562b039ca260c6bd6a0ef4777a,100
0x637dcff017472759bf4ed03b6d12a46929a66154,100
0x94d791a78071a845d7cced6201fe958acd7329be,100
0x923462385328d43fa101649ecec6695ccde78699,100
0xc966a28de9cfbd81a8f4d53f9ab61158107c1eaf,100
0x513c62bc775adb732bcbb86b894f8823ae880eeb,100
0x5a4c9d2c6fbd2bae165a42c285b1f73558def3d0,100
0x05920a7aac15ca0aa815aa3fb5085044865a3c79,100
0x55de716c55ae94483295936a164e7dcd87ea5b17,100
0xe0a330a2d1250350026210dc171c059ec8429689,100
0x3610bea6f9b129f6f879f58ad5e76ed4e2ae107b,100
0x496f24bc2a3df78f05b4b1f1f0c7983753e8863a,100
0x173aefbe6883ed8ecd86da10b7c112592774518f,100
0x6e555c805129e60fa6173bf6d4e65e510fa4af1b,100
0xe888df918e034bfa2c37293ac45f0b00591539a1,100
0xc3b88ea70a34fe3ef120f415dbd72f1e87d3f107,100
0x4adc6ccb8839bdfc4c3ec318b4f0cd23a1bd91e9,100
0xb4fca762175656a06e99f298bd88af1cfd7625d5,100
0x5d55ee935d1aad8cace20528c63b26bc6417b6ce,100
0x17710d0ab5785a526ce1582ae2735ed37fc52c6b,100
0x89ed055c2f93961d3f5df6de8b8c362e1730a774,100
0x90dd5874e8cd36cb481015aed1ed3b855f5a099a,100
0x65a6c998175afad3dd179a535cf5f76f4bb374f5,100
0x7535a24cd7b6efdea91e50977b58dce437d2007c,100
0xb78da9325b6e1c858044371006d08116e7188a1b,100
0x9a2bc93d564c722fb79e73779bedb79da810705d,100
0x2c7798ed340ab3ff1afc286bb6de969c7f6bdfc2,100
0x578c5fc33c6292455c50d3a637a5c5f65bf37813,100
0xf9e312c1315d10e1a25f170319ba6055e643a94e,100
0x3626c7df4583d7cc7a621b5b377c549d7bf2215e,100
0x978b8d3b6529ddb3df0e178dc295ce7686b98165,100
0x277dabd6bccf3b8e20a54ddb58362f3e8f0a2c3b,100
0x8786cb3682cb347ae1226b5a15e991339a877dfb,100
0x432106a096c8d2afda1aa8199e408e8c10447e1a,100
0x80d22ea9a381d2bf49898fff9ef76e30e2d74be0,100
0xa3906288d3b2972f0fc0eb32a9bf02004f1c6e95,100
0xfa6cd25aa5879fa7c56bd9cc7a4a0341c0ee9060,100
0x698bb6299824a053a9fa1e677d48ca44daa0a0c8,100
0xafe8374db1b5b2378644d4a0a9b3f2141dd216a8,100
0x9eacc9b32a2e219341b17ccbc43bc923831cfee5,100
0xa2078f1f9e2a6f8231b3e5cb48241ef0cea7a706,100
0xb7545f7fbe409751f30bdf7b258b7e68c450f405,100
0xc585ae55a9878bf5b0df95d88c1588aeeada7c03,100
0xb189b9f0bfce11cedd5bac2284365ab481067d86,100
0x633e037d816d3baa4ad0a2730e50226446f0093b,100
0x680bdaf7806364c7fb11bfbe2347dac9f9b6b6aa,100
0xcd3597cc9f1f08e7ea3abb5699fb378a6bc1ecdb,100
0x1ddacc95c5c47725ae282ce21dadfb7e95023d37,100
0x56ad9251a50e1c46ac315e4822af5b16b51ac1bc,100
0xb4c587c1d45447cc4b3c97026656dd8afcbcd329,100
0xab753d087318d0f26391b171cfc98a22f66fc95b,100
0x39216114f9fe6014dd6c20e2df2733011854b2b4,100
0x1293f3310a831240b6588cf87a6b125753ab9d65,100
0x5f2e58a820f7f1dcef364819817a9191f4735317,100
0x97c37fffeccf8ee0c6f8a6709ba944f118b3c901,100
0x771bcbdf96b07a731ca4475a3f27775714337420,100
0xd011234f584d278c716dc306015d6dc7ffa4c539,100
0x26e8d063196fe2c8f276bf8d3cfa0ab188f2f086,100
0x44275cda150e818db09d4c7a577530e624cfc208,100
0x19313b159827f45f6ea03d7849fae1ddac7c92e8,100
0xf1772aa2e4c79dfdd633a2052aa811593ee1ae78,100
0x712fcde4fbf129bb73582b1e2b82eeea556fdf28,100
0xb720dc65aa7c7bac8bb1ebcfbd132a2f051005b4,100
0x9b5a0b8dd5ea0c2dd8d6779d7dbce84ceeae174d,100
0x8769277dd38fe5a33cfac919deb0a3ab2b861ecb,100
0xa593189b08c166cbc966ad472ab449e466d6cde6,100
0x1f0647808c6471d116d2ea605c23ed3ea78f4cd6,100
0x8128562f6ee2de37c24a230f9372c148487da23b,100
0x75a49cc7d1e39f2c743dcbbd462189f4d15f9cab,100
0x233606be53d23089835998225f196cedfc971d63,100
0xf294f7ec3da602486e9f109cc277a18e7f85c1ed,100
0x6079ab82f4904ee68d2a901e530e0a3f5a466c2e,100
0xb02ab57ddea6bb6974c82fd410dc7777bcfb2365,100
0xb7323a04013f8b71f4c24adab9ded45cd9353f09,100
0x4f66672a27496aa099fd5af246d70cb112f3d1fe,100
0x1372d48462599fe44b1068d0ae6e5022cc7f5f54,100
0x039ca47267a9ad21e4faeaed436fd84e30127618,100
0xa4cbc3a94e65b41f09d9d0c0e4065461bca0231c,100
0xc32428b4b31873f41e6a6b81028080469e2d4492,100
0xdeea1796b3beab0dcfe3c708c53025e2e8eb6ef4,100
0x39af2fa0130a7d804a9d21caf609282950f66918,100
0x0aa30c7a3f447936b5b89554af0e2f2257b09de2,100
0x51c274db6739183f90058ecf5a55e9c0f4366a6e,100
0x49f0d31c734bba8d12736c694b3ae89fad96ffe3,100
0x4c8a2ffbab513af45510ff6c71c6507cfaffff9e,100
0x6a7bcbae98d2e410240045b6e6f2280e9d152365,100
0xb059165be467f9fc70e98b46c05bb5d7b26a14ee,100
0xaa112d7b78005d613dbee945d492b31502b5d7bc,100
0x0f1bcb704cc148c063ff554182e7c336ca793b87,100
0x7d31dcc55dd1bcaaac80825249b1ca5e097fc05b,100
0x06357e546b3705ef31742662f839ba4933ae7dd2,100
0xa897b127ccfb616288ed7590e18494b49f491758,100
0x4e56bbd946b60ea45855284d2a5c433ef1f6869b,100
0x943dcf00f32ed8efcfd7f33145a61496af00ee5d,100
0x7ebc55de06123026dfc36bac463bdd4c67a23614,100
0x1c9fcd6c55d6db94e393f96f6080c50987431dcd,100
0xaa8ab720b50475492a12fc14edaa3fcc68090ae8,100
0x08d9e0625a514304b4191a3908d57e3441c959cb,100
0x7fb2b175f96ae6dbe1b1d3545e26311ec388e89c,100
0xb35a0c7b8f391d267f29e2b3956a086b07adb2e9,100
0x6d13b967e271a4afb41f0a690cd112bb4b947303,100
0x7a47cc40da9f6ef886b4b8a8a52710d04c718211,100
0x7bf0c6f9f2c3012e3b76f0f08afbb1c9fe318167,100
0xe6467afa2cca45d11636ce4c24e360a6cb178de5,100
0x16404135d4dc458f143455f022aa5b21687914b8,100
0xdfe2d027c77a5053ffb0eee976d72fb6e93af7a3,100
0x89cd6034193d51d4afad71eb93392bf6cd62c7ff,100
0x3d169bdf9ea76e66c23b6209cf1845f63e9dd984,100
0x5c218a5af4edeb03bc09403c0026560fe15a27a7,100
0x30102507c15709770d2b58cf0388ff861833b3a1,100
0xdae7d356b0c56fedb644f69ae6661f2d79ac7e7e,100
0x0c709f763458972c74c85c9b496bde451229c7bc,100
0x676b2228d29f9e1085f89bea3f46a1218a1cde32,100
0x6fc69c3cda174f6f785692208de7ba2aa7cbc8c9,100
0xa43b8ddab8f167feca24e8c2f3b008a11f48b7e4,100
0x41c7e94a1b67f2b2fbddf9eaf1de38b37a7213cf,100
0x79ce151a881e46f8c089fef7d7b1152ad77191de,100
0x071ed90ed2184d26d2dc69c43d4e3c795144aebe,100
0xbabedf2a8f843eb4c2c2c77aee217ff82b9e32ed,100
0x8f7939ee46a9d5490dca0eef352284221943cba1,100
0x78cb5192d3178bbcc8ba7704c99048d94e1f8bb9,100
0x93663258e29251af97ef734bc855a61e175bc4d6,100
0x52a207081a0845d0511eda1e9ce4734f99f87964,100
0x071e4f88a084d1c64e8a3a2a62c511464e40817a,100
0xa8aab9c2c86fd530c94bba4bfacdf3e77586f9a4,100
0xd639fa9224e84886a34204d5f9555f8074fc69e9,100
0x09d622e0a30ae024cc705e124f821be43b42bc21,100
0x79053b3ad8a734b2017813d244374250f96d477c,100
0x064915a4dd54fabca5613be602d8b904cac25610,100
0xa3525c5354de338eb359f138b5eff84a802dccbe,100
0xa2e1429a66dabb925448e3b7d77abe0cd507d1f0,100
0x03c65618d9ca830d9099b66ba6bd52a3b0344f82,100
0x3eb2e7a8e5362816164104d8e74dbf135de7903f,100
0x061b53781c032f502f1103a5949079e79902fcf8,100
0x8ca4cb4b261d4e26fafd4bd40427a2b2dc93413c,100
0x234c65bed4921970ad7009a0dc2a440599c98f24,100
0x2393aa42f2711ace91f391c228a2e0e5f3d407b5,100
0xf065774888cf243d31477a84a5fd53e480ef391c,100
0x130760add4539c9da6addf999ec8051c8f6c29ad,100
0x36149f51c74c00abd85cebee9655011f38c20e75,100
0x7cb3f55441c1f7e4bf79049c69e5ea5bf158f70b,100
0xa917325c56bd38d89d0c7f355824d4da61746c9b,100
0x7007ca74a6fcb25f6c6cdb439c655a9aad13cad9,100
0x4137d05aac46f36efff60c6f4619914aec0276d2,100
0x285e96102ead8730625bd4f0eb1dc86b08987697,100
0x3b9166ce569b45481390bb5fabeccfcad5ad1477,100
0xeb2c4bb1b4959bb87d6c24d5d808e973a40682d9,100
0xf8ba2234d4d8ba2f8b5dcd7d3b83c37f3b917d5f,100
0x0967218807cefdfb11d38ccfee807c81e6aebee0,100
0x20e6f246975d5d9dd0be350c4c3103183ca08089,100
0xb990f3d4600a6effc71d6661cebcd78d0ab5659a,100
0x290aa5081d6298c181949946893876a1b76bf144,100
0xd7aaae0e6e94bc48ef833a1ce3484c93eb1ffbf3,100
0x95bec00492ed585548b70ff714f84d56346a8b82,100
0xcf1334c866a7e64caf846103209e30dfd25a3f3a,100
0x9e7e77567b33a1d389cce460edfb29fb3a05e89d,100
0x7a0d898831674b25991aff04632ffad24e417be1,100
0x0832644dfd13a438a4c34e712f813187a52e045c,100
0x63ba122faa62f545cd2cb5bb28125ed57377ae1e,100
0x6cbcabde8ba5198051648011a8a83baed92bda41,100
0x6b88a0ac9c00fe37cd104bf130ad527c7cbd2184,100